Department,Position,Desc
Camera Department,2nd_unit_dp,2nd Unit DP
Camera Department,oneac,1st Assistant Camera
Camera Department,twoac,2nd Assistant Camera
Camera Department,cin,Director of Photography
Camera Department,cin_plural,Directors of Photography
Camera Department,techno-crane-tech,Techno Crane Tech
Camera Department,cam,Camera Operator
Camera Department,light,Lighting Director
Camera Department,addas,Additional Assistant
Camera Department,bb,Best Boy
Camera Department,dolly,Dolly Operator
Camera Department,steadi,Steadicam Operator
Camera Department,focus,Focus Puller
Camera Department,clap,Clapper Loader
Camera Department,load,Loader
Camera Department,addcam,Additional Camera Operator
Camera Department,camera_pa,Camera PA
Camera Department,dit,DIT (Digital Imaging Technician)
Camera Department,gopro_drone_specialist,GoPro Drone Specialist
Camera Department,cameralighting_equipment,Camera/Lighting Equipment
Camera Department,2nd_unit_camera,2nd Unit Camera
Camera Department,camera_utility,Camera Utility
Camera Department,aerial_footage,Aerial Footage
Camera Department,video_assistant,Video Assistant
Camera Department,b_camera_operator,B Camera Operator
Camera Department,lightning_director,Lightning Director
Camera Department,camera_assistant,Camera Assistant
Camera Department,equip_rental,Equipment Rental
Camera Department,lighting_assistant,Lighting Assistant
Camera Department,rental,Rental
Camera Department,spark,Spark
Camera Department,camera_trainee,Camera Trainee
Camera Department,head_gaffer,Head Gaffer
Camera Department,lighting,Lighting
Camera Department,crane_op,Crane Op
Camera Department,2nd_camera,2nd Camera
Camera Department,steadicam_assistant,Steadicam Assistant
Camera Department,lighting_camera_operator,Lighting Camera Operator
Camera Department,jib_operator,Jib Operator
Camera Department,phantom_tech,Phantom Tech
Camera Department,jib_assistant,Jib Assistant
Camera Department,crane_technician,Crane Technician
Camera Department,photo-sonics_technician,Photo-sonics Technician
Camera Department,additional_photography,Additional Photography
Camera Department,glidecam_operator,Glidecam Operator
Camera Department,techno_crane,Techno Crane
Camera Department,techno_crane_assistant,Techno Crane Assistant
Camera Department,additional_video_footage,Additional Video Footage
Camera Department,assistant-best-boy,Assistant Best Boy
Camera Department,underwater_photography,Underwater Photography
Camera Department,b_camera_1st_ac,B Camera 1st AC
Camera Department,assistant_camera,Assistant Camera
Camera Department,additional-steadicam-operator,Additional Steadicam Operator
Camera Department,genny-operator,Genny Operator
Camera Department,techno-crane-operator,Techno Crane Operator
Camera Department,macro-footage,Macro Footage
Camera Department,media-manager,Media Manager
Camera Department,camera-intern,Camera Intern
Camera Department,videographer,Videographer
Camera Department,movi-technician,Movi Technician
Camera Department,dit-assistant,DIT Assistant
Camera Department,2nd-unit-1st-ac,2nd Unit 1st AC
Camera Department,camera-tech,Camera Tech
Camera Department,aerial-photography,Aerial Photography
Camera Department,helicam-pilot,Helicam Pilot
Camera Department,helicam-operator,Helicam Operator
Camera Department,cinematographer,Cinematographer
Camera Department,assistant-lighting,Assistant Lighting
Camera Department,strike-force-grip,Strike Force Grip
Camera Department,playbackvtr,Playback/VTR
Camera Department,2nd-unit-2nd-ac,2nd Unit 2nd AC
Camera Department,b-roll,B Roll
Camera Department,movi-operator,MoVI Operator
Camera Department,weisscam-operator,Weisscam Operator
Camera Department,data-handler,Data Handler
Camera Department,best-girl,Best Girl
Camera Department,cinematographer_plural,Cinematographers
Camera Department,1st-ac-b-camera,1st AC (B Camera)
Camera Department,high-speed-camera-operator,High Speed Camera Operator
Camera Department,louma-operator,Louma Operator
Camera Department,1st-ac-a-camera,1st AC (A Camera)
Camera Department,2nd-unit-montage,2nd Unit Montage
Camera Department,2nd-ac-a-camera,2nd AC (A Camera)
Camera Department,1st-ac-2nd-unit,1st AC (2nd Unit)
Camera Department,2nd-ac-2nd-unit,2nd AC (2nd Unit)
Camera Department,1st-ac-c-camera,1st AC (C Camera)
Camera Department,1st-ac,1st AC
Camera Department,bts-photographer,BTS Photographer
Camera Department,mov-a-lot-operator,Mov-A-Lot Operator
Camera Department,3rd-unit-camera,3rd Unit Camera
Camera Department,c-camera-operator,C Camera Operator
Camera Department,stedicam,Stedicam
Camera Department,camera-prep,Camera Prep
Camera Department,dmt,DMT
Camera Department,a-camera-operator,A Camera Operator
Camera Department,2nd-ac,2nd AC
Camera Department,1st-acphantom-op,1st AC/Phantom Op
Camera Department,underwater-tech,Underwater Tech
Camera Department,technocrane-operator,Technocrane Operator
Camera Department,camera-operatorsteadicam-operator,Camera Operator/Steadicam Operator
Camera Department,ronin-operator,Ronin Operator
Camera Department,assistant-director-of-photography,Assistant Director of Photography
Camera Department,head-technician,Head Technician
Camera Department,3rd-assistant-camera,3rd Assistant Camera
Camera Department,camera,Camera
Camera Department,high-speed-camera-engineer,High Speed Camera Engineer
Camera Department,motorized-head,Motorized Head
Camera Department,2nd-unit-dit,2nd Unit DIT
Camera Department,2nd-unit-still-photographer,2nd Unit Still Photographer
Camera Department,underwater-dp,Underwater DP
Camera Department,scorpio-head-technician,scorpio head technician
Producers,execp,Executive Producer
Producers,execp_plural,Executive Producers
Producers,prod,Producer
Producers,aprod,Associate Producer
Producers,lineprod,Line Producer
Producers,post_prod,Post Producer
Producers,coprod,Co-Producer
Producers,assprod,Assistant Producer
Producers,supervising_producer,Supervising Producer
Producers,lead_producer,Lead Producer
Producers,managing_producer,Managing Producer
Producers,director_of_marketing,Director of Marketing
Producers,head_of_production,Head Of Production
Producers,senior_producer,Senior Producer
Producers,service_production,Service Production
Producers,set_producer,Set Producer
Producers,contributing_producer,Contributing Producer
Producers,local_producer,Local Producer
Producers,co-executive_producer,Co-Executive Producer
Producers,talent_producer,Talent Producer
Producers,in_association_with,In Association With
Producers,segment_producer,Segment Producer
Producers,independent-representative,Independent Representative
Producers,co-producer,Co Producer
Producers,line-producer-,Line Producer
Producers,assistant-line-producer,Assistant Line Producer
Producers,fixer-,Fixer
Producers,field-producer,Field Producer
Producers,consulting-producer,Consulting Producer
Producers,music-vocals-concept,Music,Vocals,Concept
Producers,video-producer,Video Producer
Producers,2nd-unit-producer,2nd Unit Producer
Producers,additional-photography-producer,Additional Photography Producer
Producers,action-producer,Action Producer
Producers,creative-producer-,Creative Producer
Directorial
Directorial,dir,Director
Directorial,dir_plural,Directors
Directorial,codir,Co-Director
Directorial,creative_director,Creative Director
Directorial,2nd_unit_director,2nd Unit Director
Directorial,guitar,Guitar
Directorial,video_,Video
Directorial,codir_plural,Co-Directors
Directorial,creative_wizard,Creative Wizard
Directorial,1st-ad,1st AD
Directorial,assistant-director-production-assistant,Assistant Director Production Assistant
Directorial,additional-director,Additional Director
Directorial,directors-,Directors
Directorial,2nd-ad,2nd AD
Directorial,artistic-director,Artistic Director
Directorial,additional-photography-director,Additional Photography Director
Directorial,dire,Dire
Directorial,performance-shoot-director,Performance Shoot Director
Directorial,second-unit-director,Second Unit Director
Makeup and Hair
Makeup and Hair,key-hair,Key Hair
Makeup and Hair,make,Makeup Artist
Makeup and Hair,semake,Special Effects Makeup Artist
Makeup and Hair,hair_st,Hair Stylist
Makeup and Hair,makeupasst,Makeup Assistant
Makeup and Hair,hairasst,Hair Assistant
Makeup and Hair,hair_and_make_up_artist,Hair and Make Up Artist
Makeup and Hair,hair_and_makeup,Hair and Makeup
Makeup and Hair,hair_and_makeup_assistant,Hair and Makeup Assistant
Makeup and Hair,make_up_assistant,Make Up Assistant
Makeup and Hair,special-effects-makeup-artist-assistant,Special Effects Makeup Artist Assistant
Makeup and Hair,character_masks,Character Masks
Makeup and Hair,mask_fabrication,Mask Fabrication
Makeup and Hair,key_makeup_artist_,Key Makeup Artist
Makeup and Hair,body-painter,Body Painter
Makeup and Hair,barber,Barber
Makeup and Hair,manicurist,Manicurist
Makeup and Hair,artist-hair-stylist,Artist Hair Stylist
Makeup and Hair,artist-makeup,Artist Makeup
Makeup and Hair,artist-hair-and-makeup-stylist,Artist Hair and Makeup Stylist
Makeup and Hair,actor-makeup-artist,Actor Makeup Artist
Makeup and Hair,assistant-actor-makeup-artist,Assistant Actor Makeup Artist
Makeup and Hair,special-effects-makeup-office-manager,Special Effects Makeup Office Manager
Makeup and Hair,1st-hair-assistant,1st Hair Assistant
Makeup and Hair,2nd-hair-assistant,2nd Hair Assistant
Makeup and Hair,3rd-hair-assistant,3rd Hair Assistant
Makeup and Hair,additional-hair-stylist,Additional Hair Stylist
Makeup and Hair,glitter-make-up,Glitter Make-Up
Makeup and Hair,background-hair-and-makeup-artist,Background Hair and Makeup Artist
Makeup and Hair,additional-hair-and-makeup,Additional Hair and Makeup
Makeup and Hair,make-up-and-hair-,Make-up and Hair
Makeup and Hair,groomer,Groomer
Makeup and Hair,hey-hair-and-makeup-artist,Hey Hair and Makeup Artist
Makeup and Hair,makeup,Makeup
Makeup and Hair,hair-stylist-intern,Hair Stylist Intern
Makeup and Hair,key-hair-and-make-up-artist,Key Hair and Make Up Artist
Makeup and Hair,special-effects-makeup-department-head,Special Effects Makeup Department Head
Makeup and Hair,make-up-artist,Make-up Artist
Makeup and Hair,makeup-effects-consultant,Makeup Effects Consultant
Makeup and Hair,hair-and-makeup-artist,Hair and Makeup Artist
Makeup and Hair,hair-make-up,Hair & Make-up
Makeup and Hair,make-up-department-head,Make-up Department Head
Makeup and Hair,make-up-designer,Make Up Designer
Makeup and Hair,hair-and-make-up-head,Hair and Make Up Head
Makeup and Hair,sfx-makeup,SFX Makeup
Makeup and Hair,2nd-unit-makeup-artist,2nd Unit Makeup Artist
Production
Production,asst_dir,1st Assistant Director
Production,sec_asst_dir,2nd Assistant Director
Production,thi_asst_dir,3rd Assistant Director
Production,2nd-2nd-assistant-director,2nd 2nd Assistant Director
Production,fou_asst_dir,4th Assistant Director
Production,train_asst_dir,Trainee Assistant Director
Production,ad_pa,AD PA
Production,script_supervisor,Script Supervisor
Production,truck_pa,Truck PA
Production,assistant_director,Assistant Director
Production,local-production-company,Local Production Company
Production,key-set-pa,Key Set PA
Production,set-pa,Set PA
Production,2nd-assistant-production-supervisor,2nd Assistant Production Supervisor
Production,craft-services,Craft Services
Production,pm-talent-timecards,PM Talent Timecards
Production,unit-manager,Unit Manager
Production,studio-operator,Studio Operator
Production,pa,PA
Production,producers-assistant,Producer's Assistant
Production,key-production,Key Production
Production,production-sales-manager,Production & Sales Manager
Production,background-coordinator,Background Coordinator
Production,background-coordinator-,Background Coordinator
Production,production-services,Production services
Production,comissioner,Comissioner
Production,comm-coordinator-,Comm Coordinator
Production,assistant-production-coordinator,Assistant Production Coordinator
Production,service-company,Service Company
Production,production-administrator,Production Administrator
Production,2nd-unit-2nd-ad,2nd Unit 2nd AD
Production,<li<a href=,https://imvdb.com/browse/position
Production,reh-dogg-entertainment,Reh Dogg Entertainment
Production,executive-assistant,Executive Assistant
Production,talent-wrangler,Talent Wrangler
Editorial
Editorial,edit,Editor
Editorial,edit_plural,Editors
Editorial,fini,Finishing Editor
Editorial,color,Colorist
Editorial,grading,Color Grade
Editorial,assi_edit,Assistant Editor
Editorial,found_footage_curator,Found Footage Curator
Editorial,co-editor,Co-Editor
Editorial,editorial_company,Editorial Company
Editorial,color_house,Color House
Editorial,additional_editor,Additional Editor
Editorial,telecine_colorist,Telecine Colorist
Editorial,offline_editor,Offline Editor
Editorial,additional_color_grade,Additional Color Grade
Editorial,color-assistant,Color Assistant
Editorial,finishing-producer,Finishing Producer
Editorial,finishing-facility,Finishing Facility
Editorial,edit-consultant,Edit Consultant
Editorial,color-producer,Color Producer
Editorial,edit-producer,Edit Producer
Editorial,vfx-,VFX
Editorial,tape-operator,Tape Operator
Editorial,assistant-colorist,Assistant Colorist
Editorial,animatic-editor,Animatic Editor
Editorial,editor-,Editor
Editorial,digital-intermediate-colorist,Digital Intermediate Colorist
Editorial,credits,Credits
Editorial,lead-rendering-artist,Lead Rendering Artist
Editorial,rendering-artist,Rendering Artist
Production Support
Production Support,runner,Runner
Production Support,playback,Playback
Production Support,vtr,VTR
Production Support,asst,Production Assistance
Production Support,prod_asst,Production Assistant
Production Support,intern,Intern
Production Support,swing_gang,Swing Gang
Production Support,production_support,Production Support
Production Support,production_trainee,Production Trainee
Production Support,stagehand,Stagehand
Production Support,service_company_producer,Service Company Producer
Production Support,floor_runner,Floor Runner
Production Support,lead_pa,Lead PA
Production Support,pyrotechnic_effects_coordinator,Pyrotechnic Effects Coordinator
Production Support,camera_car_driver,Camera Car Driver
Production Support,assistant_to_director,Assistant to Director
Production Support,directors_assistant,Director's Assistant
Production Support,pa-crafty,PA Crafty
Production Support,security,Security
Production Support,masseuse,Masseuse
Production Support,production-company-support,Production Company Support
Production Support,crafty,Crafty
Production Support,crafty-assistant,Crafty Assistant
Production Support,credentials,Credentials
Production Support,client-services,Client Services
Production Support,2nd-unit-1st-ad,2nd Unit 1st AD
Production Support,motorhome-driver,Motorhome Driver
Production Support,production-accountant,Production Accountant
Production Support,party-supervisor,Party Supervisor
Production Support,photographers-assistant,Photographer's Assistant
Production Support,assistant-to-photographer,Assistant to Photographer
Production Support,picture-car-driver,Picture Car Driver
Production Support,fire-safety-officer,Fire Safety Officer
Production Support,moho-driver,MoHo Driver
Production Support,star-trailer-driver,Star Trailer Driver
Production Support,catering-truck-driver,Catering Truck Driver
Production Support,passenger-van-driver,Passenger Van Driver
Production Support,lifeguard,Lifeguard
Production Support,pontoon-driver,Pontoon Driver
Production Support,background-wrangler,Background Wrangler
Production Support,production-pa,Production PA
Production Support,stakebed-driver,Stakebed Driver
Production Support,art-driver,Art Driver
Production Support,gopro-and-production-assitance,GoPro and Production Assitance
Production Support,<li<a href=,https://imvdb.com/browse/position
Production Support,rehearsal-director,Rehearsal Director
Production Support,technical-support,Technical Support
Production Support,grippa,Grip/PA
Production Support,production-legal,Production Legal
Production Support,assistant-production-accountant,Assistant Production Accountant
Production Support,airboat-consultant,Airboat Consultant
Production Management
Production Management,pm,Production Manager
Production Management,pro_sup,Production Supervisor
Production Management,asst_pro_sup,Assistant Production Supervisor
Production Management,pro_cord,Production Coordinator
Production Management,prod_comp,Production Company
Production Management,prod_comp_plural,Production Companies
Production Management,unit_production_manager,Unit Production Manager
Production Management,video_production_manager,Video Production Manager
Production Management,continuity,Continuity
Production Management,assistant_coordinator,Assistant Coordinator
Production Management,project_leader,Project Leader
Production Management,creative_consultant,Creative Consultant
Production Management,field_coordinator,Field Coordinator
Production Management,head_of_video_production,Head of Video Production
Production Management,production_producer,Production Producer
Production Management,set_production,Set Production
Production Management,production,Production
Production Management,set_manager,Set Manager
Production Management,production_manager_assistant,Production Manager Assistant
Production Management,data_manager,Data Manager
Production Management,assistant_unit_production_manager,Assistant Unit Production Manager
Production Management,studio_manager,Studio Manager
Production Management,pre-production-assistant-to-producer,Pre-Production Assistant to Producer
Production Management,assistant-to-producer,Assistant to Producer
Production Management,executive-assistant-to-producer,Executive Assistant to Producer
Production Management,office-pa,Office PA
Production Management,assistant-production-manager,Assistant Production Manager
Production Management,office-cordinator,Office Cordinator
Production Management,project-manager,Project manager
Production Management,director-of-production,Director of Production
Production Management,staff-production-manager,Staff Production Manager
Location
Location,loc_serv,Location Services
Location,scout,Location Scout
Location,location_manager,Location Manager
Location,assistant_locations,Assistant Locations
Location,location_supervisor,Location Supervisor
Location,location_coordinator,Location Coordinator
Location,location_guru,Location Guru
Location,studio,Studio
Location,park-monitor,Park Monitor
Location,community-supervisor,Community Supervisor
Location,site-rep,Site Rep
Location,stage-manager,Stage Manager
Location,location-monitor,Location Monitor
Location,sarkis-chatalyan,Sarkis Chatalyan
Location,marine-coordinator,Marine Coordinator
Location,marine-crew,Marine Crew
Location,shoot-location,Shoot Location
Location,assistant-location-manager,Assistant Location Manager
Location,scout-assistant,Scout Assistant
Visual Effects
Visual Effects,techsup,Technical Supervisor
Visual Effects,vfx_sup,Visual Effects Supervisor
Visual Effects,vfx,VFX
Visual Effects,compos,Compositor
Visual Effects,flame_op,Flame Operator
Visual Effects,additional_effects,Additional Effects
Visual Effects,title_designer,Title Designer
Visual Effects,additional_vfx,Additional VFX
Visual Effects,vfx_supervisor,VFX Supervisor
Visual Effects,vfx_senior_executive_producer,VFX Senior Executive Producer
Visual Effects,vfx_executive_producer,VFX Executive Producer
Visual Effects,digital_production_manager,Digital Production Manager
Visual Effects,flame_lead,Flame Lead
Visual Effects,nuke_lead,Nuke Lead
Visual Effects,technical_director,Technical Director
Visual Effects,cg,CG
Visual Effects,vfx_producer,VFX Producer
Visual Effects,vfx_coordinator,VFX Coordinator
Visual Effects,motion_graphics,Motion Graphics
Visual Effects,3d_artist,3D Artist
Visual Effects,flame_assistant,Flame Assistant
Visual Effects,graphic_artist,Graphic Artist
Visual Effects,vfx_lead,VFX Lead
Visual Effects,cg_artist,CG Artist
Visual Effects,effects_artist,Effects Artist
Visual Effects,compositing_supervisor,Compositing Supervisor
Visual Effects,roto_artist,Roto Artist
Visual Effects,microscopy,Microscopy
Visual Effects,misc_visual_effects,Misc Visual Effects
Visual Effects,vfx_house,VFX House
Visual Effects,vfx_plural,Visual Effects (VFX)
Visual Effects,lead_compositor,Lead Compositor
Visual Effects,vfx_artist,VFX Artist
Visual Effects,assistant_technical_director,Assistant Technical Director
Visual Effects,vfx-creative-director,VFX Creative Director
Visual Effects,vfx-head-of-production,VFX Head of Production
Visual Effects,smoke-artist,Smoke Artist
Visual Effects,vfx-smoke-assistant,VFX Smoke Assistant
Visual Effects,nuke-compositor,Nuke Compositor
Visual Effects,film-stock-emulator,Film Stock Emulator
Visual Effects,executive-producer-vfx,Executive Producer VFX
Visual Effects,analog-intermediate-technician,Analog Intermediate Technician
Visual Effects,vfx-cto,VFX CTO
Visual Effects,vfx-cleanup,VFX Cleanup
Visual Effects,vfx-consultant,VFX Consultant
Visual Effects,visual-effects,Visual Effects
Visual Effects,vfx-projections,VFX Projections
Visual Effects,title-animator,Title Animator
Visual Effects,kinect-capture,Kinect Capture
Visual Effects,vhs-montage,VHS montage
Visual Effects,lead-roto-artist,Lead Roto Artist
Visual Effects,vfxanimation,VFX/animation
Visual Effects,vfx-assistant,VFX Assistant
Visual Effects,combustion-artist,Combustion Artist
Visual Effects,online-fx-editor,Online FX Editor
Visual Effects,post-fx,Post FX
Visual Effects,lead-vfx,Lead VFX
Visual Effects,moto-stunt,Moto Stunt
Visual Effects,vfx-beauty,VFX Beauty
Visual Effects,assistant-motion-graphics,Assistant Motion Graphics
Visual Effects,image-editing,Image Editing
Visual Effects,motion-control-operator,Motion Control Operator
Visual Effects,motion-control-technician,Motion Control Technician
Visual Effects,vr-supervisor,VR Supervisor
Visual Effects,lead-stitching-artist,Lead Stitching Artist
Visual Effects,vr-operator,VR Operator
Visual Effects,pipeline-architect,Pipeline Architect
Visual Effects,senior-cgi-supervisor,Senior CGI Supervisor
Visual Effects,claymation,Claymation
Animation
Animation,an_dir,Animation Director
Animation,lead_an,Lead Animator
Animation,ann,Animator
Animation,mdllin,Animation Modeling
Animation,mdllins,Animation Modeling Supervisor
Animation,anilight,Lighting TD
Animation,chartd,Character TD
Animation,shadetd,Shader TD
Animation,pipetd,Pipeline TD
Animation,anisim,Animation Simulator
Animation,addani,Additional Animator
Animation,animm,Match Move Technician
Animation,motion_animations,Motion Animations
Animation,comic_book_inks,Comic Book Inks
Animation,comic_book_illustrations,Comic Book Illustrations
Animation,stop_motion_animator,Stop Motion Animator
Animation,stop_motion_dp,Stop Motion DP
Animation,motion_designer,Motion Designer
Animation,character_design,Character Design
Animation,animation_painter,Animation Painter
Animation,type_animator,Type Animator
Animation,3d_animator,3D Animator
Animation,motion_graphic_design,Motion Graphic Design
Animation,line_art,Line Art
Animation,background_artist,Background Artist
Animation,animation_colorist,Animation Colorist
Animation,3d_modeling,3d Modeling
Animation,rigging,Rigging
Animation,character_animation,Character Animation
Animation,robot_model_assistants,Robot Model Assistants
Animation,industrial_graphics,Industrial Graphics
Animation,additional_character_animation,Additional Character Animation
Animation,additional_background_art,Additional Background Art
Animation,2d_animation,2d Animation
Animation,animation-assistant,Animation Assistant
Animation,animation-supervisor,Animation Supervisor
Animation,2d-backgrounds,2d Backgrounds
Animation,character-modeling,Character Modeling
Animation,cel-frame-fx,Cel Frame FX
Animation,animation-production-company,Animation Production Company
Animation,animation-,Animation
Animation,animation-production-coordinator,Animation Production Coordinator
Animation,character-layouts,Character Layouts
Animation,character-design-supervisor,Character Design Supervisor
Animation,color-design-supervisor,Color Design Supervisor
Animation,color-design,Color Design
Animation,background-design,Background Design
Animation,background-supervisor,Background Supervisor
Animation,background-cleanup-supervisor,Background Cleanup Supervisor
Animation,background-cleanup,Background Cleanup
Animation,lip-sync,Lip Sync
Animation,key-assistant,Key Assistant
Animation,ink-and-paint,Ink and Paint
Animation,stop-motion-consultant,Stop Motion Consultant
Animation,animation-company,Animation Company
Animation,timing-supervisor-,Timing Supervisor
Animation,timer,Timer
Animation,checker,Checker
Animation,additional-tracking-,Additional Tracking
Animation,cleanup-animator,Cleanup Animator
Animation,3d-animation-supervisor,3D Animation Supervisor
Animation,animations,Animations
Animation,graphic-editor,Graphic Editor
Animation,animation-designer,Animation Designer
Animation,senior-animator,Senior Animator
Animation,senior-technical-director-mocap,Senior Technical Director & MoCap
Animation,senior-cg-artist,Senior CG Artist
Animation,animation,Animation
Animation,head-of-layout,Head of Layout
Choreography
Choreography,chor,Choreographer
Choreography,chor_plural,Choreographers
Choreography,dancer,Dancer
Choreography,assistant_choreographer,Assistant Choreographer
Choreography,movement_director,Movement Director
Choreography,additional_choreographer,Additional Choreographer
Choreography,choreographer_consultant,Choreographer Consultant
Choreography,performance-supervisor,Performance Supervisor
Choreography,co-choreographer,Co-Choreographer
Choreography,caroline,Caroline
Choreography,supervising-choreographer,Supervising Choreographer
Choreography,performance-capture-consultant,Performance Capture Consultant
Choreography,<li<a href=,https://imvdb.com/browse/position
Grip Department
Grip Department,kgrip,Key Grip
Grip Department,bbgrip,Best Boy Grip
Grip Department,grip_driver,Grip Driver
Grip Department,grip_electric,Grip & Electric
Grip Department,grip,Grip
Grip Department,dolly_grip,Dolly Grip
Grip Department,swing,Swing
Grip Department,grip_intern,Grip Intern
Grip Department,grip_pa,Grip PA
Grip Department,crane_grip,Crane Grip
Grip Department,ge-truck,G&E Truck
Grip Department,key-gaffer,Key Gaffer
Grip Department,best-boy-gaffer,Best Boy Gaffer
Grip Department,2nd-unit-key-grip,2nd Unit Key Grip
Grip Department,2nd-unit-grip,2nd Unit Grip
Grip Department,truckmaster,Truckmaster
Grip Department,follow-spot-operator,Follow Spot Operator
Grip Department,grip-,Grip
Grip Department,spotlight-operator-,Spotlight Operator
Grip Department,grip-assist,Grip Assist
Grip Department,2nd-unit-best-boy-grip,2nd Unit Best Boy Grip
Grip Department,dolly-assitant,Dolly Assitant
Grip Department,2nd-unit-dolly-grip,2nd Unit Dolly Grip
Electrical Department
Electrical Department,gaffer,Gaffer
Electrical Department,electric,Electric
Electrical Department,bbelect,Best Boy Electric
Electrical Department,electric-dimmer-operator,Electric Dimmer Operator
Electrical Department,electric-truck-driver,Electric Truck Driver
Electrical Department,set-lighting-tech,Set Lighting Tech
Electrical Department,2nd-unit-gaffer,2nd Unit Gaffer
Electrical Department,set-lighting-technician,Set Lighting Technician
Electrical Department,lighting-engineer,Lighting Engineer
Electrical Department,electric-driver,Electric Driver
Electrical Department,hod-rigger,HOD Rigger
Electrical Department,technician,Technician
Electrical Department,electric-assistant,Electric Assistant
Electrical Department,lighting-board-operator,Lighting Board Operator
Electrical Department,genie-driver,Genie Driver
Electrical Department,lighting-trainee,Lighting Trainee
Electrical Department,spark-trainee,Spark Trainee
Electrical Department,master-electrician,Master Electrician
Electrical Department,flyrail-operator,Flyrail Operator
Electrical Department,3rd-electric-,3rd Electric
Electrical Department,lasers,Lasers
Electrical Department,rigging-gaffer,Rigging Gaffer
Electrical Department,additional-lighting,Additional Lighting
Electrical Department,lighting-engineer-assistant,Lighting Engineer Assistant
Electrical Department,balloon-technician,Balloon Technician
Electrical Department,electrician,Electrician
Electrical Department,dimmer-board-operator,Dimmer Board Operator
Electrical Department,lighting-,Lighting
Electrical Department,moving-light-programmer,Moving Light Programmer
Electrical Department,moving-light-technician,Moving Light Technician
Electrical Department,lighting-designer,Lighting Designer
Electrical Department,gaffer-,Gaffer
Electrical Department,gaffer-performance,Gaffer (Performance)
Electrical Department,2nd-unit-best-boy-electric,2nd Unit Best Boy Electric
Electrical Department,disco-ball-wrangler,Disco Ball Wrangler
Electrical Department,lighting-technology,Lighting Technology
Costume and Wardrobe
Costume and Wardrobe,cos,Costumer
Costume and Wardrobe,style,Stylist
Costume and Wardrobe,style_asst,Stylist Assistant
Costume and Wardrobe,costume_des,Costume Designer
Costume and Wardrobe,ward,Wardrobe
Costume and Wardrobe,ward_stylist,Wardrobe Stylist
Costume and Wardrobe,asst_stylist,Assistant Stylist
Costume and Wardrobe,period_costumer,Period Costumer
Costume and Wardrobe,wardrobe_assistant,Wardrobe Assistant
Costume and Wardrobe,fashion_director,Fashion Director
Costume and Wardrobe,assistant_stylist_and_seamstress,Assistant Stylist and Seamstress
Costume and Wardrobe,tailor,Tailor
Costume and Wardrobe,nails,Nails
Costume and Wardrobe,clothing,Clothing
Costume and Wardrobe,wardrobe_design,Wardrobe Design
Costume and Wardrobe,costume_designer_assistant,Costume Designer Assistant
Costume and Wardrobe,wig-designer,Wig Designer
Costume and Wardrobe,additional_stylist,Additional Stylist
Costume and Wardrobe,modiste,Modiste
Costume and Wardrobe,assistant_costumer,Assistant Costumer
Costume and Wardrobe,seamstress,Seamstress
Costume and Wardrobe,costume-maker,Costume Maker
Costume and Wardrobe,artist-stylist,Artist Stylist
Costume and Wardrobe,actor-stylist,Actor Stylist
Costume and Wardrobe,actor-wardrobe-assistant,Actor Wardrobe Assistant
Costume and Wardrobe,background-stylist,Background Stylist
Costume and Wardrobe,stylist-intern,Stylist Intern
Costume and Wardrobe,artist-wardrobe-assistant,Artist Wardrobe Assistant
Costume and Wardrobe,background-stylist-assistant,Background Stylist Assistant
Costume and Wardrobe,co-stylist,Co-Stylist
Costume and Wardrobe,costume-styling,Costume & Styling
Costume and Wardrobe,wardrobe-supervisor,Wardrobe Supervisor
Costume and Wardrobe,wardrobe-shopper,Wardrobe Shopper
Costume and Wardrobe,costume-wardrobe,Costume & Wardrobe
Costume and Wardrobe,tailor-assistant,Tailor Assistant
Costume and Wardrobe,stylist-studio,Stylist Studio
Costume and Wardrobe,costume-stylist,Costume Stylist
Costume and Wardrobe,extras-wardrobe-stylist,Extras Wardrobe Stylist
Costume and Wardrobe,dancer-wardrobe-stylist,Dancer Wardrobe Stylist
Costume and Wardrobe,actor-wardrobe-assistant-and-costume-designer,Actor Wardrobe Assistant and Costume Designer
Costume and Wardrobe,additional-wardrobe,Additional Wardrobe
Costume and Wardrobe,fashion-stylist,Fashion Stylist
Costume and Wardrobe,fashion-assistant,Fashion Assistant
Costume and Wardrobe,artist-wardrobe-stylist,Artist Wardrobe Stylist
Costume and Wardrobe,costume-assistant,Costume Assistant
Costume and Wardrobe,alenas-costume-by,Alena's Costume by
Costume and Wardrobe,drone-costume-blaster-by,Drone Costume & Blaster by
Costume and Wardrobe,costume-designer-,Costume Designer
Costume and Wardrobe,bavas-bag-designed-by,Bava's bag designed by
Costume and Wardrobe,band-stylist,Band Stylist
Costume and Wardrobe,wardrobe-stylist-,Wardrobe Stylist
Costume and Wardrobe,wardrobe-pa,Wardrobe PA
Costume and Wardrobe,2nd-unit-stylist,2nd Unit Stylist
Costume and Wardrobe,creature-builder,Creature Builder
Costume and Wardrobe,mask,Mask
Costume and Wardrobe,headpiece,Headpiece
Art Department
Art Department,art,Art Director
Art Department,cncptart,Concept Art
Art Department,ill,Illustrator
Art Department,practical_bear_shark_head,Practical Bear Shark Head
Art Department,construction,Construction
Art Department,lead_man,Lead Man
Art Department,art_department_coordinator,Art Department Coordinator
Art Department,props,Props
Art Department,original_art,Original Art
Art Department,projection_technician,Projection Technician
Art Department,prop_master,Prop Master
Art Department,model_maker,Model Maker
Art Department,graphic_design,Graphic Design
Art Department,scenic_artist,Scenic Artist
Art Department,creature_design,Creature Design
Art Department,art_dept_assistant,Art Dept Assistant
Art Department,art_department,Art Department
Art Department,art_swing,Art Swing
Art Department,art_coordinator,Art Coordinator
Art Department,type_design,Type Design
Art Department,construction_assistant,Construction Assistant
Art Department,book_fabricator,Book Fabricator
Art Department,artwork,Artwork
Art Department,graffiti_artist,Graffiti Artist
Art Department,art_dresser,Art Dresser
Art Department,sculptures,Sculptures
Art Department,assistant_art_director,Assistant Art Director
Art Department,weapons_specialist,Weapons Specialist
Art Department,inferno_artist,Inferno Artist
Art Department,model_effects,Model Effects
Art Department,robot_design,Robot Design
Art Department,robot_builder,Robot Builder
Art Department,flame_artist,Flame Artist
Art Department,property_stylist,Property Stylist
Art Department,assistant_property_master,Assistant Property Master
Art Department,props_buyer,Props Buyer
Art Department,painter,Painter
Art Department,ripper,Ripper
Art Department,art_producer,Art Producer
Art Department,head_painter,Head Painter
Art Department,art_plural,Art Directors
Art Department,additional_art_direction,Additional Art Direction
Art Department,fabricator,Fabricator
Art Department,on_set_props,On Set Props
Art Department,art-truck-driver,Art Truck Driver
Art Department,construction-coordinator,Construction Coordinator
Art Department,prop-maker,Prop Maker
Art Department,sculptor,Sculptor
Art Department,paper-artist,Paper Artist
Art Department,paper-artist-assistant,Paper Artist Assistant
Art Department,miniatures,Miniatures
Art Department,carpenter,Carpenter
Art Department,puppet-maker,Puppet Maker
Art Department,leadman,Leadman
Art Department,set-construction,Set Construction
Art Department,assistant-sculptor,Assistant Sculptor
Art Department,props-assistant,Props Assistant
Art Department,assistant-set-designer,Assistant Set Designer
Art Department,art-intern,Art Intern
Art Department,production-design-consultant,Production Design Consultant
Art Department,additional-art,Additional Art
Art Department,art-designer,Art Designer
Art Department,mural-artist,Mural Artist
Art Department,art-coordinator-assistant,Art Coordinator Assistant
Art Department,art-shopper,Art Shopper
Art Department,standby-props,Standby Props
Art Department,art-foreman,Art Foreman
Art Department,art-assistant,Art Assistant
Art Department,art-runner,Art Runner
Art Department,matte-painter,Matte Painter
Art Department,background-painting,Background Painting
Art Department,art-direction,Art Direction
Art Department,leadman-assistant,Leadman Assistant
Art Department,set-props-supplier-,Set & Props Supplier
Art Department,prop-designer-,Prop Designer
Art Department,artistic-contributor,Artistic Contributor
Art Department,field-paintings,Field Paintings
Art Department,collage-work,Collage Work
Art Department,gunmaker-,Gunmaker
Art Department,dick-handler,Dick Handler
Art Department,2nd-unit-art,2nd Unit Art
Art Department,puppet-fabrication,Puppet Fabrication
Art Department,additional-design,Additional Design
Art Department,on-set-dresser,On Set Dresser
Art Department,additional-illustrator,Additional Illustrator
Art Department,creature-effects-design,Creature Effects & Design
Art Department,art-assisitant,art assisitant
Art Department,lead-fabricator,Lead Fabricator
Art Department,junior-fabricator,Junior Fabricator
Art Department,fabricator-assistant,Fabricator Assistant
Special Effects
Special Effects,eff,Special Effects (SFX)
Special Effects,prost,Prosthetics Artist
Special Effects,mask_design,Mask Design
Special Effects,creature_effects,Creature Effects
Special Effects,special_effects_coordinator,Special Effects Coordinator
Special Effects,projected_animation,Projected Animation
Special Effects,pyro_technician,Pyro Technician
Special Effects,special_effects_supervisor,Special Effects Supervisor
Special Effects,armorer_,Armorer
Special Effects,lab-tech,Lab Tech
Special Effects,silicone-tech,Silicone Tech
Special Effects,prosthetic-tech,Prosthetic Tech
Special Effects,sfx-makeup-mold-maker,SFX Makeup Mold Maker
Special Effects,sfx-mold-sculptor,SFX Mold Sculptor
Special Effects,lead-sfx-mold-sculptor,Lead SFX Mold Sculptor
Special Effects,rain,Rain
Special Effects,animatronics,Animatronics
Special Effects,cryo-technician,Cryo Technician
Special Effects,sfx-assistant,SFX Assistant
Special Effects,sfx-intern,SFX Intern
Special Effects,sfx-tech,SFX Tech
Special Effects,special-effects-makeup-designer,Special Effects Makeup Designer
Special Effects,spfx-key,SPFX Key
Special Effects,spfx-assistant,SPFX Assistant
Special Effects,spfx-daily,SPFX Daily
Special Effects,rain-machine-operator,Rain Machine Operator
Special Effects,technical-effects-supervisor,Technical Effects Supervisor
Special Effects,assistant-effects,Assistant Effects
Special Effects,cryotubes-tv-masters-by,Cryotubes & TV Masters by
Special Effects,stop-motion-animation,Stop-motion Animation
Special Effects,special-effects-coordinator-,Special Effects Coordinator
Special Effects,pyrotechnics,Pyrotechnics
Special Effects,creature-design-animatronics,Creature Design & Animatronics
Casting Department
Casting Department,cast,Cast
Casting Department,background_casting,Background Casting
Casting Department,main_talent_casting,Main Talent Casting
Casting Department,casting,Casting
Casting Department,casting-associate,Casting Associate
Casting Department,casting-assistant,Casting Assistant
Casting Department,extras-casting,Extras Casting
Casting Department,casting-director-,Casting Director
Production Design
Production Design,prode,Production Designer
Production Design,set,Set Designer
Production Design,dresser,Set Dresser
Production Design,prop_buy,Prop Buyer
Production Design,set_builder,Set Builder
Production Design,des_sup,Design Supervisor
Production Design,storyboard_artist,Storyboard Artist
Production Design,creative_design,Creative Design
Production Design,set_assistant,Set Assistant
Production Design,set_decorator,Set Decorator
Production Design,assistant_set_decorator,Assistant Set Decorator
Production Design,pre_production,Pre Production
Production Design,production_design_assistant,Production Design Assistant
Production Design,set_designer_assistant,Set Designer Assistant
Production Design,assistant_production_designer,Assistant Production Designer
Production Design,prod_plural,Producers
Production Design,creative_producer,Creative Producer
Production Design,creative-coordinator,Creative Coordinator
Production Design,set-painter,Set Painter
Production Design,production-design,Production Design
Production Design,co-production-designer,Co-Production Designer
Sound
Sound,snd,Sound Recordist
Sound,sndfxed,Sound Effects Editor
Sound,snddes,Sound Designer
Sound,rrmixer,Re-Recording Mixer
Sound,sound,Sound
Sound,sound_mixer,Sound Mixer
Sound,sound_company,Sound Company
Sound,sound_designer_,Sound Designer
Sound,sound_re-recording_mixer,Sound Re-Recording Mixer
Sound,sound_engineer,Sound Engineer
Sound,sound_design,Sound Design
Sound,boom-operator,Boom Operator
Sound,foley-artist,Foley Artist
Sound,adr,ADR
Sound,audio-recordist,Audio Recordist
Sound,assistant-sound-mixer,Assistant Sound Mixer
Sound,original-score,Original Score
Sound,audio-mix,Audio Mix
Sound,post-sound,Post Sound
Sound,sound-designermixer,Sound Designer/Mixer
Sound,artist-sound-mixer,Artist Sound Mixer
Sound,audio-engineer,Audio Engineer
Sound,mixing-and-mastering,Mixing and Mastering
Sound,drums,Drums
Sound,sound-recording,Sound Recording
Sound,sound-producer,Sound Producer
Sound,post-sound-mixer,Post Sound Mixer
Sound,sound-effects,Sound Effects
Sound,sound-playback,Sound Playback
Sound,composer,Composer
Other
Other,misc_crew,Misc Crew
Other,thanks,Special Thanks
Other,puppet,Puppeteer
Other,still_pho,Still Photographer
Other,ext_coord,Extras Coordinator
Other,key_pa,Key PA
Other,art_pa,Art PA
Other,set_photographer,Set Photographer
Other,titles,Titles
Other,creative_adviser,Creative Adviser
Other,animal_handler,Animal Handler
Other,set_medic,Set Medic
Other,no_special_thanks,No Special Thanks
Other,stakebed_pa,Stakebed PA
Other,van_pa,Van PA
Other,video,Video
Other,diver,Diver
Other,animal_trainer,Animal Trainer
Other,dog_trainer,Dog Trainer
Other,online_artist,Online Artist
Other,clearing_assistant,Clearing Assistant
Other,studio_teacher,Studio Teacher
Other,co-original_concept_,Co-Original Concept
Other,misc_crew_-_titles,Misc Crew - Titles
Other,actress,Actress
Other,shadow_puppeteer,Shadow Puppeteer
Other,actor,Actor
Other,artist_exec_assist,Artist Executive Assistant
Other,aerial_footage_producer,Aerial Footage Producer
Other,2nd_puppeteer,2nd Puppeteer
Other,puppet_wrangler,Puppet Wrangler
Other,consultant,Consultant
Other,director_assistant,Director Assistant
Other,artist-day-to-day-management,Artist Day-to-Day Management
Other,artist-personal-assistant,Artist Personal Assistant
Other,archive-footage,Archive Footage
Other,video-coordinator,Video Coordinator
Other,marketing-director,Marketing Director
Other,marketing-coordinator,Marketing Coordinator
Other,dog-owner,Dog Owner
Other,bts-audio,BTS Audio
Other,jewel,Jewel
Other,talent-manager,Talent Manager
Other,food-stylist,Food Stylist
Other,on-set-teacher,On Set Teacher
Other,underwater-instructor,Underwater Instructor
Other,picture-car-coordinator,Picture Car Coordinator
Other,assistant-makeup-artist,Assistant makeup artist
Other,reference-photography,Reference Photography
Other,music-video-representation,Music Video Representation
Other,remixer,Remixer
Other,stage-technician,Stage Technician
Other,very-special-thanks,Very Special Thanks
Other,publicist,Publicist
Other,electrical-department,Electrical Department
Other,translator,Translator
Other,<li<a href=,https://imvdb.com/browse/position
Other,animation-studio-,Animation Studio
Other,driving,Driving
Other,social-media-supervisor,Social Media Supervisor
Other,additional-footage,Additional Footage
Other,cast,Cast
Other,1st-acdit-,1st AC/DIT
Other,epk,EPK
Other,original-footage,Original Footage
Other,animal-wrangler,Animal Wrangler
Other,master-puppeteer,Master Puppeteer
Other,mentor,Mentor
Other,philosophical-consultant,Philosophical Consultant
Other,it-manager,IT Manager
Other,head-of-music-production,Head of Music Production
Other,vice-president-of-music-promo,Vice President of Music Promo
Other,manager-of-video-production,Manager of Video Production
Other,production-mobiles,Production Mobiles
Other,health-and-safety-officer,Health and Safety officer
Other,manager,Manager
Other,2nd-unit-dop,2nd Unit DOP
Other,paramedic,Paramedic
Other,stills-assistant,Stills Assistant
Other,2nd-camera-assistant,2nd camera Assistant
Other,sound-playback,Sound Playback
Other,genny,Genny
Other,art-dept-runner,Art Dept Runner
Other,2nd-unit-art-director,2nd Unit Art Director
Other,camera-,Camera
Other,stock,Stock
Other,lighting-equipment,Lighting Equipment
Other,facilities,Facilities
Other,laboratory,Laboratory
Other,telecine-operator,Telecine Operator
Other,sfx-supervisor,SFX Supervisor
Other,insurance,Insurance
Other,emergency-services,Emergency Services
Other,ae,A&E
Other,ranger,Ranger
Other,grip-accessories,Grip Accessories
Other,location-caterer,Location Caterer
Other,fluffer,Fluffer
Other,in-memory-of,In Memory of
Other,process-trailer,Process Trailer
Other,tech-support,Tech Support
Other,armatures,Armatures
Other,shibari-specialist,Shibari Specialist
Other,covid-compliance-officer,Covid Compliance Officer
Logistics
Logistics,trans_co,Transportation Coordinator
Logistics,driver,Driver
Logistics,first_aid,First Aid
Logistics,fso,FSO
Logistics,craft_service,Craft Service
Logistics,police_officer,Police Officer
Logistics,water_truck_driver,Water Truck Driver
Logistics,bus_driver,Bus Driver
Logistics,bus_manager,Bus Manager
Logistics,gang_boss,Gang Boss
Logistics,production_cars,Production Cars
Logistics,catering,Catering
Logistics,traffic-management,Traffic Management
Logistics,low-loader,Low Loader
Logistics,logistics,Logistics
Logistics,craft-service-assistant,Craft Service Assistant
Logistics,medical-technician,Medical Technician
Logistics,transportation,Transportation
Logistics,vehicle-coordinator,Vehicle Coordinator
Logistics,financial-controller,Financial Controller
Post-Production Department
Post-Production Department,pp_sup,Post-Production Supervisor
Post-Production Department,pp,Post Production
Post-Production Department,post_enhancements,Post Enhancements
Post-Production Department,telecine_producer,Telecine Producer
Post-Production Department,post_supervisor,Post Supervisor
Post-Production Department,post_production_facility,Post Production Facility
Post-Production Department,telecine,Telecine
Post-Production Department,post_production_company,Post Production Company
Post-Production Department,post_production_executive_producer,Post Production Executive Producer
Post-Production Department,post_production_creative_consultant,Post Production Creative Consultant
Post-Production Department,online_producer,Online Producer
Post-Production Department,sound_editor,Sound Editor
Post-Production Department,online_editor,Online Editor
Post-Production Department,digital_retouching,Digital Retouching
Post-Production Department,post_production_consultant,Post Production Consultant
Post-Production Department,online_conform,Online Conform
Post-Production Department,online_artist,Online Artist
Post-Production Department,post_production_producer,Post Production Producer
Post-Production Department,graphist,Graphist
Post-Production Department,additional_compositing,Additional Compositing
Post-Production Department,post_production_supervisor,Post Production Supervisor
Post-Production Department,cg_supervisor,CG Supervisor
Post-Production Department,designer,Designer
Post-Production Department,tracking-artist,Tracking Artist
Post-Production Department,color-telecine-post-coordinator,Color & Telecine Post Coordinator
Post-Production Department,film-processing,Film Processing
Post-Production Department,2d-lead-artist,2D Lead Artist
Post-Production Department,online-artist,Online Artist
Post-Production Department,post-production-coordinator,Post Production Coordinator
Post-Production Department,off-lineon-line,Off-line/On-line
Post-Production Department,telecine-dailies,Telecine & Dailies
Post-Production Department,color-grading,Color Grading
Post-Production Department,3d-lead-artist,3D Lead Artist
Post-Production Department,post-production-shoot-supervisor,Post Production Shoot Supervisor
Post-Production Department,2d-artist,2D Artist
Post-Production Department,post-executive-producer,Post Executive Producer
Post-Production Department,2d-lead-compositer,2D Lead Compositer
Post-Production Department,post-production-assistant,Post Production Assistant
Post-Production Department,head-of-post-production,Head of Post Production
Post-Production Department,colourist,Colourist
Post-Production Department,post-production-manager,Post Production Manager
Post-Production Department,roto-keying,Roto / Keying
Post-Production Department,copywriter,Copywriter
Post-Production Department,production-co,Production Co
Post-Production Department,mixing-engineer,Mixing Engineer
Post-Production Department,grading-company,Grading company
Post-Production Department,digital-intermediate-producer,Digital Intermediate Producer
Post-Production Department,dean-mozian,Dean Mozian
Post-Production Department,associate-post-producer,Associate Post Producer
Post-Production Department,di-assistant,DI Assistant
Post-Production Department,editor-vfx,Editor & VFX
Post-Production Department,post-creative-director,Post Creative Director
Stunts Department
Stunts Department,stunts,Stunts
Stunts Department,stunt_double,Stunt Double
Stunts Department,stunts_,Stunts
Stunts Department,stunt_coordinator,Stunt Coordinator
Stunts Department,wingsuit_flyer,Wingsuit Flyer
Stunts Department,video_flyer,Video Flyer
Stunts Department,lead_rigger,Lead Rigger
Stunts Department,rigger,Rigger
Stunts Department,stunts_pa,Stunts PA
Stunts Department,stunt_driver,Stunt Driver
Stunts Department,stunt_choreographer,Stunt Choreographer
Stunts Department,precision_driver,Precision Driver
Stunts Department,safety_coordinator,Safety Coordinator
Stunts Department,face_rig,Face Rig
Stunts Department,stunt-assistant,Stunt Assistant
Stunts Department,stage-combat,Stage Combat
Stunts Department,military-consultant,Military Consultant
Stunts Department,assistant-stunt-coordinator,Assistant Stunt Coordinator
Stunts Department,condor-operator,Condor Operator
Stunts Department,climber,Climber
Stunts Department,fight-coordinator,Fight Coordinator
Stunts Department,fight-choreographer,Fight Choreographer
Stunts Department,2nd-unit-armorer,2nd Unit Armorer
Management
Management,vid_comm,Video Commissioner
Management,vid_comm_plural,Video Commissioners
Management,video_rep,Video Rep.
Management,video_rep_plural,Video Reps
Management,dir_rep,Director's Rep.
Management,dir_rep_plural,Director's Reps
Management,label,Record Label
Management,label_plural,Record Labels
Management,artist_management,Artist Management
Management,creative_agency,Creative Agency
Management,creative_agency_executive_producer,Creative Agency Executive Producer
Management,artist-tour-manager,Artist Tour Manager
Management,management,Management
Writing
Writing,writer,Writer
Writing,writer_plural,Writers
Writing,co-writer,Co-Writer
Writing,concept,Concept
Writing,idea,Idea
Writing,script_consultant,Script Consultant
Writing,writer_treatment,Writer (Treatment)
Writing,additional-writing,Additional Writing
Writing,concept-inspiration,Concept Inspiration
Behind The Scenes
Behind The Scenes,behind_the_scenes_videographer,BTS Videographer
Behind The Scenes,bts-director-of-photography,BTS Director of Photography
Behind The Scenes,bts-dp-assistant,BTS DP Assistant
Behind The Scenes,bts-editor,BTS Editor
Behind The Scenes,behind-the-scenes-photographer,Behind the Scenes Photographer
Behind The Scenes,bts-director,BTS Director
Behind The Scenes,behind-the-scenes-videographer,Behind the Scenes Videographer
Behind The Scenes,bts-producer,BTS Producer
Behind The Scenes,bts-sound-recordist,BTS Sound Recordist
Behind The Scenes,bts-sound-mixer,BTS Sound Mixer
Behind The Scenes,bts-1st-assistant-director,BTS 1st Assistant Director
Aerial Copter
Aerial Copter,aerial-director,Aerial Director
Aerial Copter,copter_operator,Copter Operator
Aerial Copter,copter_photographer,Copter Photographer
Aerial Copter,copter_provider,Copter Provider
Aerial Copter,copter_producer,Copter Producer
Aerial Copter,aerials,Aerials
Aerial Copter,aerial_pilot,Aerial Pilot
Aerial Copter,aerial_rig,Aerial Rig
Aerial Copter,aerial-camera-operator,Aerial Camera Operator
Aerial Copter,heli-techspotter,Heli Tech/Spotter
Aerial Copter,remote-head-tech,Remote Head Tech
Aerial Copter,drone-pilot,Drone Pilot
Aerial Copter,rich-husband,Rich Husband
Aerial Copter,mus-art-studio,Mus Art Studio
Aerial Copter,assistant-dire,assistant dire
Interactive
Interactive,web_designer,Web Designer
Interactive,flash_supervisor,Flash Supervisor
Interactive,flash_animator,Flash Animator
Interactive,flash_developer,Flash Developer
Interactive,interactive_director,Interactive Director
Interactive,interactive_technical_director,Interactive Technical Director
Interactive,developer,Developer
Interactive,interactive_project_manager,Interactive Project Manager
Interactive,interactive_executive_producer,Interactive Executive Producer
Interactive,coder,Coder
